Workbook

Sheet labour_force_simulation
A1: year | B1: data_type | C1: POP | D1: RY | E1: D_GDP | F1: D_C | G1: P | H1: PartRate | I1: ADD_LFPR | J1: U_rate | K1: W | L1: H | M1: LS | N1: MHS | O1: E | P1: MHD | Q1: E_RY | R1: MHD_RY | S1: E_est | T1: U | U1: RY_1995 | V1: E_1995 | W1: E/RY
A2: 1995 | B2: actual | C2: 105556 | D2: 475325.45 | E2: 1.116 | F2: 1.052 | G2: 0.959 | H2: 0.63151313 | I2: 0 | J2: 0.031353135 | K2: 0.93293718 | L2: 117.8 | M2: 66660 | N2: 7852548 | O2: 64570 | P2: 7606346 | Q2: 0.13584377 | R2: 16.002396 | S2: 64570 | T2: 2090 | U2: =D2/D$2*100 -> 100 | V2: =S2/S$2*100 -> 100 | W2: =V2/U2*100 -> 100
A3: 1996 | B3: actual | C3: 106173 | D3: 489890.49 | E3: 1.115 | F3: 1.054 | G3: 0.96 | H3: 0.6320816 | I3: 0 | J3: 0.033527045 | K3: 0.942324 | L3: 117.9 | M3: 67110 | N3: 7912269 | O3: 64860 | P3: 7646994 | Q3: 0.13239694 | R3: 15.609599 | S3: 64860 | T3: 2250 | U3: =D3/D$2*100 -> 103.06423 | V3: =S3/S$2*100 -> 100.44912 | W3: =V3/U3*100 -> 97.462649
A4: 1997 | B4: actual | C4: 106791 | D4: 496515.95 | E4: 1.116 | F4: 1.067 | G4: 0.977 | H4: 0.63554045 | I4: 0 | J4: 0.033888316 | K4: 0.97076526 | L4: 116.3 | M4: 67870 | N4: 7893281 | O4: 65570 | P4: 7625791 | Q4: 0.13206021 | R4: 15.358602 | S4: 65570 | T4: 2300 | U4: =D4/D$2*100 -> 104.4581 | V4: =S4/S$2*100 -> 101.54871 | W4: =V4/U4*100 -> 97.214771
A5: 1998 | B5: actual | C5: 107413 | D5: 487705.57 | E5: 1.114 | F5: 1.068 | G5: 0.983 | H5: 0.63241879 | I5: 0 | J5: 0.041071691 | K5: 0.96869565 | L5: 115 | M5: 67930 | N5: 7811950 | O5: 65140 | P5: 7491100 | Q5: 0.13356419 | R5: 15.359882 | S5: 65140 | T5: 2790 | U5: =D5/D$2*100 -> 102.60456 | V5: =S5/S$2*100 -> 100.88276 | W5: =V5/U5*100 -> 98.321914
A6: 1999 | B6: actual | C6: 107925 | D6: 485993.72 | E6: 1.099 | F6: 1.061 | G6: 0.98 | H6: 0.62812138 | I6: 0 | J6: 0.046762059 | K6: 0.9648197 | L6: 113.7 | M6: 67790 | N6: 7707723 | O6: 64620 | P6: 7347294 | Q6: 0.13296468 | R6: 15.118084 | S6: 64620 | T6: 3170 | U6: =D6/D$2*100 -> 102.24441 | V6: =S6/S$2*100 -> 100.07744 | W6: =V6/U6*100 -> 97.880589
A7: 2000 | B7: actual | C7: 108454 | D7: 500363.54 | E7: 1.086 | F7: 1.051 | G7: 0.973 | H7: 0.62385896 | I7: 0 | J7: 0.0472953 | K7: 0.95895197 | L7: 114.5 | M7: 67660 | N7: 7747070 | O7: 64460 | P7: 7380670 | Q7: 0.12882633 | R7: 14.750615 | S7: 64460 | T7: 3200 | U7: =D7/D$2*100 -> 105.26757 | V7: =S7/S$2*100 -> 99.829642 | W7: =V7/U7*100 -> 94.834188
A8: 2001 | B8: actual | C8: 109033 | D8: 501806.14 | E8: 1.075 | F8: 1.037 | G8: 0.967 | H8: 0.61926206 | I8: 0 | J8: 0.05035545 | K8: 0.95410415 | L8: 113.3 | M8: 67520 | N8: 7650016 | O8: 64120 | P8: 7264796 | Q8: 0.12777843 | R8: 14.477296 | S8: 64120 | T8: 3400 | U8: =D8/D$2*100 -> 105.57107 | V8: =S8/S$2*100 -> 99.303082 | W8: =V8/U8*100 -> 94.062783
A9: 2002 | B9: actual | C9: 109384 | D9: 502255.47 | E9: 1.06 | F9: 1.022 | G9: 0.958 | H9: 0.6115154 | I9: 0 | J9: 0.053670205 | K9: 0.93493761 | L9: 112.2 | M9: 66890 | N9: 7505058 | O9: 63300 | P9: 7102260 | Q9: 0.12603148 | R9: 14.140732 | S9: 63300 | T9: 3590 | U9: =D9/D$2*100 -> 105.6656 | V9: =S9/S$2*100 -> 98.033142 | W9: =V9/U9*100 -> 92.776784
A10: 2003 | B10: actual | C10: 109789 | D10: 509329.3 | E10: 1.041 | F10: 1.011 | G10: 0.955 | H10: 0.60716465 | I10: 0 | J10: 0.052505251 | K10: 0.92780749 | L10: 112.2 | M10: 66660 | N10: 7479252 | O10: 63160 | P10: 7086552 | Q10: 0.12400622 | R10: 13.913498 | S10: 63160 | T10: 3500 | U10: =D10/D$2*100 -> 107.1538 | V10: =S10/S$2*100 -> 97.816323 | W10: =V10/U10*100 -> 91.285908
A11: 2004 | B11: actual | C11: 110053 | D11: 520072.08 | E11: 1.028 | F11: 1.006 | G11: 0.955 | H11: 0.60352739 | I11: 0 | J11: 0.04712436 | K11: 0.92170819 | L11: 112.4 | M11: 66420 | N11: 7465608 | O11: 63290 | P11: 7113796 | Q11: 0.12169467 | R11: 13.678481 | S11: 63290 | T11: 3130 | U11: =D11/D$2*100 -> 109.41389 | V11: =S11/S$2*100 -> 98.017655 | W11: =V11/U11*100 -> 89.584286
A12: 2005 | B12: actual | C12: 110247 | D12: 529443.55 | E12: 1.015 | F12: 0.997 | G12: 0.952 | H12: 0.60328172 | I12: 0 | J12: 0.044354232 | K12: 0.93375112 | L12: 111.7 | M12: 66510 | N12: 7429167 | O12: 63560 | P12: 7099652 | Q12: 0.12005057 | R12: 13.409649 | S12: 63560 | T12: 2950 | U12: =D12/D$2*100 -> 111.38548 | V12: =S12/S$2*100 -> 98.435806 | W12: =V12/U12*100 -> 88.373999
A13: 2006 | B13: actual | C13: 110466 | D13: 537876.62 | E13: 1.005 | F13: 0.997 | G13: 0.955 | H13: 0.60326254 | I13: 0 | J13: 0.041266507 | K13: 0.93137255 | L13: 112.2 | M13: 66640 | N13: 7477008 | O13: 63890 | P13: 7168458 | Q13: 0.11878189 | R13: 13.327328 | S13: 63890 | T13: 2750 | U13: =D13/D$2*100 -> 113.15965 | V13: =S13/S$2*100 -> 98.946879 | W13: =V13/U13*100 -> 87.440071
... A22: 2015 | B22: actual | C22: 111208 | D22: 562940.21 | E22: 0.975 | F22: 0.974 | G22: 0.982 | H22: 0.59573052 | I22: 0 | J22: 0.033660377 | K22: 0.92703461 | L22: 106.9 | M22: 66250 | N22: 7082125 | O22: 64020 | P22: 6843738 | Q22: 0.11372433 | R22: 12.157131 | S22: 64020 | T22: 2230 | U22: =D22/D$2*100 -> 118.43258 | V22: =S22/S$2*100 -> 99.148211 | W22: =V22/U22*100 -> 83.717005
A23: 2016 | B23: actual | C23: 111233 | D23: 566738.63 | E23: 0.981 | F23: 0.971 | G23: 0.981 | H23: 0.6003614 | I23: 0 | J23: 0.03114705 | K23: 0.93791157 | L23: 106.3 | M23: 66780 | N23: 7098714 | O23: 64700 | P23: 6877610 | Q23: 0.11416197 | R23: 12.135418 | S23: 64700 | T23: 2080 | U23: =D23/D$2*100 -> 119.2317 | V23: =S23/S$2*100 -> 100.20133 | W23: =V23/U23*100 -> 84.039167 | Y23: 労働力人口、就業者数 | AG23: 労働力率、失業率（右軸）
A24: 2017 | B24: actual | C24: 111278 | D24: 576064.22 | E24: 0.981 | F24: 0.976 | G24: 0.986 | H24: 0.60497133 | I24: 0 | J24: 0.028223411 | K24: 0.94439208 | L24: 106.1 | M24: 67320 | N24: 7142652 | O24: 65420 | P24: 6941062 | Q24: 0.11356373 | R24: 12.049111 | S24: 65420 | T24: 1900 | U24: =D24/D$2*100 -> 121.19364 | V24: =S24/S$2*100 -> 101.3164 | W24: =V24/U24*100 -> 83.598776
A25: 2018 | B25: actual | C25: 111276 | D25: 580768.88 | E25: 0.98 | F25: 0.983 | G25: 0.995 | H25: 0.6154966 | I25: 0 | J25: 0.024383122 | K25: 0.96577947 | L25: 105.2 | M25: 68490 | N25: 7205148 | O25: 66820 | P25: 7029464 | Q25: 0.11505437 | R25: 12.10372 | S25: 66820 | T25: 1670 | U25: =D25/D$2*100 -> 122.18342 | V25: =S25/S$2*100 -> 103.48459 | W25: =V25/U25*100 -> 84.696101
A26: 2019 | B26: actual | C26: 111296 | D26: 579369.81 | E26: 0.987 | F26: 0.991 | G26: 1 | H26: 0.62104658 | I26: 0 | J26: 0.0234375 | K26: 0.98347911 | L26: 102.9 | M26: 69120 | N26: 7112448 | O26: 67500 | P26: 6945750 | Q26: 0.1165059 | R26: 11.988457 | S26: 67500 | T26: 1620 | U26: =D26/D$2*100 -> 121.88908 | V26: =S26/S$2*100 -> 104.53771 | W26: =V26/U26*100 -> 85.764625
A27: 2020 | B27: actual | C27: 111114 | D27: 554074.4 | E27: 1 | F27: 1 | G27: 1 | H27: 0.62116385 | I27: 0 | J27: 0.027818024 | K27: 1 | L27: 100 | M27: 69020 | N27: 6902000 | O27: 67100 | P27: 6710000 | Q27: 0.12110287 | R27: 12.110287 | S27: 67100 | T27: 1920 | U27: =D27/D$2*100 -> 116.56738 | V27: =S27/S$2*100 -> 103.91823 | W27: =V27/U27*100 -> 89.148639
A28: 2021 | B28: actual | C28: 110735 | D28: 574142.94 | E28: 0.999 | F28: 1.01 | G28: 0.998 | H28: 0.62374136 | I28: 0 | J28: 0.028087448 | K28: 0.99602781 | L28: 100.7 | M28: 69070 | N28: 6955349 | O28: 67130 | P28: 6759991 | Q28: 0.1169221 | R28: 11.774056 | S28: 67130 | T28: 1940 | U28: =D28/D$2*100 -> 120.78944 | V28: =S28/S$2*100 -> 103.96469 | W28: =V28/U28*100 -> 86.071009
A29: 2022 | B29: actual | C29: 110463 | D29: 581412.13 | E29: 1.006 | F29: 1.043 | G29: 1.023 | H29: 0.6248246 | I29: 0 | J29: 0.025934512 | K29: 1.014881 | L29: 100.8 | M29: 69020 | N29: 6957216 | O29: 67230 | P29: 6776784 | Q29: 0.11563226 | R29: 11.655732 | S29: 67230 | T29: 1790 | U29: =D29/D$2*100 -> 122.31875 | V29: =S29/S$2*100 -> 104.11956 | W29: =V29/U29*100 -> 85.121507
A30: 2023 | B30: actual | C30: 110206 | D30: 586139.87 | E30: 1.051 | F30: 1.079 | G30: 1.056 | H30: 0.62836869 | I30: 0 | J30: 0.025703971 | K30: 1.0257681 | L30: 100.9 | M30: 69250 | N30: 6987325 | O30: 67470 | P30: 6807723 | Q30: 0.11510904 | R30: 11.614503 | S30: 67470 | T30: 1780 | U30: =D30/D$2*100 -> 123.31338 | V30: =S30/S$2*100 -> 104.49125 | W30: =V30/U30*100 -> 84.736345
A31: 2024 | B31: actual | C31: 109929 | D31: 584540.09 | E31: 1.085 | F31: 1.106 | G31: 1.085 | H31: 0.63286303 | I31: 0 | J31: 0.025298261 | K31: 1.065141 | L31: 99.891 | M31: 69570 | N31: 6949416.9 | O31: 67810 | P31: 6773608.7 | Q31: 0.11600573 | R31: 11.587928 | S31: 67810 | T31: 1760 | U31: =D31/D$2*100 -> 122.97681 | V31: =S31/S$2*100 -> 105.01781 | W31: =V31/U31*100 -> 85.396431
A32: 2025 | B32: actual | C32: 109629 | D32: 591584.05 | E32: 1.122 | F32: 1.139 | G32: 1.119 | H32: 0.63888205 | I32: 0 | J32: 0.025128498 | K32: 1.1051108 | L32: 98.492526 | M32: 70040 | N32: 6898416.5 | O32: 68280 | P32: 6725069.7 | Q32: 0.11541893 | R32: 11.367902 | S32: 68280 | T32: 1760 | U32: =D32/D$2*100 -> 124.45874 | V32: =S32/S$2*100 -> 105.7457 | W32: =V32/U32*100 -> 84.964467
A33: 2026 | B33: simulation | C33: 109306 | D33: 599703.83 | E33: 1.14444 | F33: 1.16178 | G33: 1.140261 | H33: 0.65504006 | I33: 0.046452785 | J33: 0.0078665163 | K33: 1.1440818 | L33: 92.541954 | M33: 71599.809 | N33: 6625986.2 | O33: 73629.848 | P33: 6813850 | Q33: 0.12277702 | R33: 11.362025 | S33: 71036.568 | T33: 563.24106 | U33: =D33/D$2*100 -> 126.16699 | V33: =S33/S$2*100 -> 110.01482 | W33: =V33/U33*100 -> 87.19778
A34: 2027 | B34: simulation | C34: 108944 | D34: 602669.72 | E34: 1.1570288 | F34: 1.1745596 | G34: 1.1562247 | H34: 0.67970972 | I34: 0.041807507 | J34: 0.0050902626 | K34: 1.1842284 | L34: 88.978807 | M34: 74050.296 | N34: 6588907 | O34: 76766.179 | P34: 6830563.1 | Q34: 0.12737686 | R34: 11.333841 | S34: 73673.361 | T34: 376.93545 | U34: =D34/D$2*100 -> 126.79096 | V34: =S34/S$2*100 -> 114.09844 | W34: =V34/U34*100 -> 89.989407
A35: 2028 | B35: simulation | C35: 108564 | D35: 605662.12 | E35: 1.165128 | F35: 1.1827815 | G35: 1.1689431 | H35: 0.6991851 | I35: 0.037162228 | J35: 0.0057865793 | K35: 1.2234655 | L35: 86.950272 | M35: 75906.331 | N35: 6600076.1 | O35: 77935.887 | P35: 6776546.6 | Q35: 0.12867882 | R35: 11.188658 | S35: 75467.093 | T35: 439.23801 | U35: =D35/D$2*100 -> 127.42051 | V35: =S35/S$2*100 -> 116.8764 | W35: =V35/U35*100 -> 91.724951
... A42: 2035 | B42: simulation | C42: 104948 | D42: 625790.54 | E42: 1.2234323 | F42: 1.2419692 | G42: 1.2619771 | H42: 0.71858212 | I42: 0.0046452785 | J42: 0.033130423 | K42: 1.3766007 | L42: 85.151029 | M42: 75413.756 | N42: 6421559 | O42: 72842.878 | P42: 6202646 | Q42: 0.11640137 | R42: 9.9116966 | S42: 72915.267 | T42: 2498.4897 | U42: =D42/D$2*100 -> 131.65517 | V42: =S42/S$2*100 -> 112.92437 | W42: =V42/U42*100 -> 85.772833
A43: 2036 | B43: simulation | C43: 104297 | D43: 628176.28 | E43: 1.2319963 | F43: 1.250663 | G43: 1.2758588 | H43: 0.71919947 | I43: 0 | J43: 0.032324779 | K43: 1.3939417 | L43: 85.119492 | M43: 75010.347 | N43: 6384842.7 | O43: 72521.374 | P43: 6172982.6 | Q43: 0.11544749 | R43: 9.8268316 | S43: 72585.654 | T43: 2424.6929 | U43: =D43/D$2*100 -> 132.15709 | V43: =S43/S$2*100 -> 112.4139 | W43: =V43/U43*100 -> 85.060815 | Y43: ・総需要が拡大する中で就業者数が減少する理由
A44: 2037 | B44: simulation | C44: 103601 | D44: 630474.45 | E44: 1.2406203 | F44: 1.2594176 | G44: 1.2898933 | H44: 0.72097956 | I44: 0 | J44: 0.032210333 | K44: 1.4116234 | L44: 85.093301 | M44: 74694.204 | N44: 6355976.4 | O44: 72209.814 | P44: 6144571.5 | Q44: 0.1145325 | R44: 9.7459485 | S44: 72288.278 | T44: 2405.9252 | U44: =D44/D$2*100 -> 132.64058 | V44: =S44/S$2*100 -> 111.95335 | W44: =V44/U44*100 -> 84.403542
A45: 2038 | B45: simulation | C45: 102871 | D45: 632693.34 | E45: 1.2493047 | F45: 1.2682335 | G45: 1.3040821 | H45: 0.72269422 | I45: 0 | J45: 0.031934364 | K45: 1.4298278 | L45: 85.072031 | M45: 74344.277 | N45: 6324618.7 | O45: 71898.453 | P45: 6116547.4 | Q45: 0.11363871 | R45: 9.6674756 | S45: 71970.14 | T45: 2374.1372 | U45: =D45/D$2*100 -> 133.1074 | V45: =S45/S$2*100 -> 111.46065 | W45: =V45/U45*100 -> 83.737379
A46: 2039 | B46: simulation | C46: 102145 | D46: 634830.47 | E46: 1.2580498 | F46: 1.2771112 | G46: 1.318427 | H46: 0.72453067 | I46: 0 | J46: 0.03182927 | K46: 1.4483822 | L46: 85.055507 | M46: 74007.186 | N46: 6294718.7 | O46: 71577.432 | P46: 6088054.7 | Q46: 0.11275047 | R46: 9.590048 | S46: 71651.591 | T46: 2355.5947 | U46: =D46/D$2*100 -> 133.55701 | V46: =S46/S$2*100 -> 110.96731 | W46: =V46/U46*100 -> 83.086096
A47: 2040 | B47: simulation | C47: 101418 | D47: 636888.98 | E47: 1.2668561 | F47: 1.2860509 | G47: 1.3329297 | H47: 0.72632581 | I47: 0 | J47: 0.031790681 | K47: 1.4672201 | L47: 85.042778 | M47: 73662.511 | N47: 6264464.6 | O47: 71245.804 | P47: 6058941.1 | Q47: 0.11186534 | R47: 9.5133395 | S47: 71320.73 | T47: 2341.7814 | U47: =D47/D$2*100 -> 133.99009 | V47: =S47/S$2*100 -> 110.4549 | W47: =V47/U47*100 -> 82.435129
Y48: 賃金 | AG48: 労働時間
Y69: グレーの線は、労働投入量の付加価値額に対する比（資本集約的成長）

Sheet Sheet1
A1: year | B1: PartRate | C1: U_rate | D1: W | E1: LS | F1: E_est | G1: U
A2: 1995 | B2: =VLOOKUP($A2,labour_force_simulation!$A$1:$O$47,7)*100 -> 95.9 | C2: =VLOOKUP($A2,labour_force_simulation!$A$1:$O$47,9)*100 -> 0 | D2: =VLOOKUP($A2,labour_force_simulation!$A$1:$O$47,10)*100 -> 3.1353135 | E2: =VLOOKUP($A2,labour_force_simulation!$A$1:$O$47,11)*0.1 -> 0.093293718 | F2: =VLOOKUP($A2,labour_force_simulation!$A$1:$O$47,14)*0.1 -> 785254.8 | G2: =VLOOKUP($A2,labour_force_simulation!$A$1:$O$47,15)*0.1 -> 6457
A3: 2000 | B3: =VLOOKUP($A3,labour_force_simulation!$A$1:$O$47,7)*100 -> 97.3 | C3: =VLOOKUP($A3,labour_force_simulation!$A$1:$O$47,9)*100 -> 0 | D3: =VLOOKUP($A3,labour_force_simulation!$A$1:$O$47,10)*100 -> 4.72953 | E3: =VLOOKUP($A3,labour_force_simulation!$A$1:$O$47,11)*0.1 -> 0.095895197 | F3: =VLOOKUP($A3,labour_force_simulation!$A$1:$O$47,14)*0.1 -> 774707 | G3: =VLOOKUP($A3,labour_force_simulation!$A$1:$O$47,15)*0.1 -> 6446
A4: 2005 | B4: =VLOOKUP($A4,labour_force_simulation!$A$1:$O$47,7)*100 -> 95.2 | C4: =VLOOKUP($A4,labour_force_simulation!$A$1:$O$47,9)*100 -> 0 | D4: =VLOOKUP($A4,labour_force_simulation!$A$1:$O$47,10)*100 -> 4.4354232 | E4: =VLOOKUP($A4,labour_force_simulation!$A$1:$O$47,11)*0.1 -> 0.093375112 | F4: =VLOOKUP($A4,labour_force_simulation!$A$1:$O$47,14)*0.1 -> 742916.7 | G4: =VLOOKUP($A4,labour_force_simulation!$A$1:$O$47,15)*0.1 -> 6356
A5: 2010 | B5: =VLOOKUP($A5,labour_force_simulation!$A$1:$O$47,7)*100 -> 94.8 | C5: =VLOOKUP($A5,labour_force_simulation!$A$1:$O$47,9)*100 -> 0 | D5: =VLOOKUP($A5,labour_force_simulation!$A$1:$O$47,10)*100 -> 5.0361882 | E5: =VLOOKUP($A5,labour_force_simulation!$A$1:$O$47,11)*0.1 -> 0.09198895 | F5: =VLOOKUP($A5,labour_force_simulation!$A$1:$O$47,14)*0.1 -> 720235.2 | G5: =VLOOKUP($A5,labour_force_simulation!$A$1:$O$47,15)*0.1 -> 6298
A6: 2015 | B6: =VLOOKUP($A6,labour_force_simulation!$A$1:$O$47,7)*100 -> 98.2 | C6: =VLOOKUP($A6,labour_force_simulation!$A$1:$O$47,9)*100 -> 0 | D6: =VLOOKUP($A6,labour_force_simulation!$A$1:$O$47,10)*100 -> 3.3660377 | E6: =VLOOKUP($A6,labour_force_simulation!$A$1:$O$47,11)*0.1 -> 0.092703461 | F6: =VLOOKUP($A6,labour_force_simulation!$A$1:$O$47,14)*0.1 -> 708212.5 | G6: =VLOOKUP($A6,labour_force_simulation!$A$1:$O$47,15)*0.1 -> 6402
A7: 2020 | B7: =VLOOKUP($A7,labour_force_simulation!$A$1:$O$47,7)*100 -> 100 | C7: =VLOOKUP($A7,labour_force_simulation!$A$1:$O$47,9)*100 -> 0 | D7: =VLOOKUP($A7,labour_force_simulation!$A$1:$O$47,10)*100 -> 2.7818024 | E7: =VLOOKUP($A7,labour_force_simulation!$A$1:$O$47,11)*0.1 -> 0.1 | F7: =VLOOKUP($A7,labour_force_simulation!$A$1:$O$47,14)*0.1 -> 690200 | G7: =VLOOKUP($A7,labour_force_simulation!$A$1:$O$47,15)*0.1 -> 6710
A8: 2025 | B8: =VLOOKUP($A8,labour_force_simulation!$A$1:$O$47,7)*100 -> 111.9 | C8: =VLOOKUP($A8,labour_force_simulation!$A$1:$O$47,9)*100 -> 0 | D8: =VLOOKUP($A8,labour_force_simulation!$A$1:$O$47,10)*100 -> 2.5128498 | E8: =VLOOKUP($A8,labour_force_simulation!$A$1:$O$47,11)*0.1 -> 0.11051108 | F8: =VLOOKUP($A8,labour_force_simulation!$A$1:$O$47,14)*0.1 -> 689841.65 | G8: =VLOOKUP($A8,labour_force_simulation!$A$1:$O$47,15)*0.1 -> 6828
A9: 2030 | B9: =VLOOKUP($A9,labour_force_simulation!$A$1:$O$47,7)*100 -> 119.48013 | C9: =VLOOKUP($A9,labour_force_simulation!$A$1:$O$47,9)*100 -> 2.7871671 | D9: =VLOOKUP($A9,labour_force_simulation!$A$1:$O$47,10)*100 -> 1.7484126 | E9: =VLOOKUP($A9,labour_force_simulation!$A$1:$O$47,11)*0.1 -> 0.12905356 | F9: =VLOOKUP($A9,labour_force_simulation!$A$1:$O$47,14)*0.1 -> 666625.04 | G9: =VLOOKUP($A9,labour_force_simulation!$A$1:$O$47,15)*0.1 -> 7658.9128
A10: 2035 | B10: =VLOOKUP($A10,labour_force_simulation!$A$1:$O$47,7)*100 -> 126.19771 | C10: =VLOOKUP($A10,labour_force_simulation!$A$1:$O$47,9)*100 -> 0.46452785 | D10: =VLOOKUP($A10,labour_force_simulation!$A$1:$O$47,10)*100 -> 3.3130423 | E10: =VLOOKUP($A10,labour_force_simulation!$A$1:$O$47,11)*0.1 -> 0.13766007 | F10: =VLOOKUP($A10,labour_force_simulation!$A$1:$O$47,14)*0.1 -> 642155.9 | G10: =VLOOKUP($A10,labour_force_simulation!$A$1:$O$47,15)*0.1 -> 7284.2878
A11: 2040 | B11: =VLOOKUP($A11,labour_force_simulation!$A$1:$O$47,7)*100 -> 133.29297 | C11: =VLOOKUP($A11,labour_force_simulation!$A$1:$O$47,9)*100 -> 0 | D11: =VLOOKUP($A11,labour_force_simulation!$A$1:$O$47,10)*100 -> 3.1790681 | E11: =VLOOKUP($A11,labour_force_simulation!$A$1:$O$47,11)*0.1 -> 0.14672201 | F11: =VLOOKUP($A11,labour_force_simulation!$A$1:$O$47,14)*0.1 -> 626446.46 | G11: =VLOOKUP($A11,labour_force_simulation!$A$1:$O$47,15)*0.1 -> 7124.5804
