Workbook

Sheet Sheet2
B1: RK | C1: I | D1: RI | E1: I_DEF | F1: Y | G1: RY | H1: Y_DEF | I1: EC | J1: E | K1: H | L1: r | M1: Tau | N1: Delta | O1: JIP_UC | P1: SNA_UC
A2: 1994 | B2: =HLOOKUP(B$1,Sheet1!$B$1:$S$36,ROW()+4,FALSE) -> 623503.9 | C2: =HLOOKUP(C$1,Sheet1!$B$1:$S$36,ROW()+4,FALSE) -> 89003.3 | D2: =HLOOKUP(D$1,Sheet1!$B$1:$S$36,ROW()+4,FALSE) -> 74650.9 | E2: =HLOOKUP(E$1,Sheet1!$B$1:$S$36,ROW()+4,FALSE) -> 119.2 | F2: =HLOOKUP(F$1,Sheet1!$B$1:$S$36,ROW()+4,FALSE) -> 521675.1 | G2: =HLOOKUP(G$1,Sheet1!$B$1:$S$36,ROW()+4,FALSE) -> 464267.4 | H2: =HLOOKUP(H$1,Sheet1!$B$1:$S$36,ROW()+4,FALSE) -> 112.4 | I2: =HLOOKUP(I$1,Sheet1!$B$1:$S$36,ROW()+4,FALSE) -> 261625.6 | ... P2: =HLOOKUP(P$1,Sheet1!$B$1:$S$36,ROW()+4,FALSE) -> 115.91812
A3: 1995 | B3: =HLOOKUP(B$1,Sheet1!$B$1:$S$36,ROW()+4,FALSE) -> 633070.2 | C3: =HLOOKUP(C$1,Sheet1!$B$1:$S$36,ROW()+4,FALSE) -> 91924.2 | D3: =HLOOKUP(D$1,Sheet1!$B$1:$S$36,ROW()+4,FALSE) -> 78359.3 | E3: =HLOOKUP(E$1,Sheet1!$B$1:$S$36,ROW()+4,FALSE) -> 117.3 | F3: =HLOOKUP(F$1,Sheet1!$B$1:$S$36,ROW()+4,FALSE) -> 530463.2 | G3: =HLOOKUP(G$1,Sheet1!$B$1:$S$36,ROW()+4,FALSE) -> 475140.8 | H3: =HLOOKUP(H$1,Sheet1!$B$1:$S$36,ROW()+4,FALSE) -> 111.6 | I3: =HLOOKUP(I$1,Sheet1!$B$1:$S$36,ROW()+4,FALSE) -> 266004.1 | ... P3: =HLOOKUP(P$1,Sheet1!$B$1:$S$36,ROW()+4,FALSE) -> 116.59329
A4: 1996 | B4: =HLOOKUP(B$1,Sheet1!$B$1:$S$36,ROW()+4,FALSE) -> 652745.4 | C4: =HLOOKUP(C$1,Sheet1!$B$1:$S$36,ROW()+4,FALSE) -> 96951.9 | D4: =HLOOKUP(D$1,Sheet1!$B$1:$S$36,ROW()+4,FALSE) -> 83554.8 | E4: =HLOOKUP(E$1,Sheet1!$B$1:$S$36,ROW()+4,FALSE) -> 116 | F4: =HLOOKUP(F$1,Sheet1!$B$1:$S$36,ROW()+4,FALSE) -> 546227.9 | G4: =HLOOKUP(G$1,Sheet1!$B$1:$S$36,ROW()+4,FALSE) -> 489753.6 | H4: =HLOOKUP(H$1,Sheet1!$B$1:$S$36,ROW()+4,FALSE) -> 111.5 | I4: =HLOOKUP(I$1,Sheet1!$B$1:$S$36,ROW()+4,FALSE) -> 270691.5 | ... P4: =HLOOKUP(P$1,Sheet1!$B$1:$S$36,ROW()+4,FALSE) -> 118.77844
A5: 1997 | B5: =HLOOKUP(B$1,Sheet1!$B$1:$S$36,ROW()+4,FALSE) -> 672576.7 | C5: =HLOOKUP(C$1,Sheet1!$B$1:$S$36,ROW()+4,FALSE) -> 99717.6 | D5: =HLOOKUP(D$1,Sheet1!$B$1:$S$36,ROW()+4,FALSE) -> 86803 | E5: =HLOOKUP(E$1,Sheet1!$B$1:$S$36,ROW()+4,FALSE) -> 114.9 | F5: =HLOOKUP(F$1,Sheet1!$B$1:$S$36,ROW()+4,FALSE) -> 554111.8 | G5: =HLOOKUP(G$1,Sheet1!$B$1:$S$36,ROW()+4,FALSE) -> 496428.8 | H5: =HLOOKUP(H$1,Sheet1!$B$1:$S$36,ROW()+4,FALSE) -> 111.6 | I5: =HLOOKUP(I$1,Sheet1!$B$1:$S$36,ROW()+4,FALSE) -> 278752.5 | ... P5: =HLOOKUP(P$1,Sheet1!$B$1:$S$36,ROW()+4,FALSE) -> 114.73487
A6: 1998 | B6: =HLOOKUP(B$1,Sheet1!$B$1:$S$36,ROW()+4,FALSE) -> 683061 | C6: =HLOOKUP(C$1,Sheet1!$B$1:$S$36,ROW()+4,FALSE) -> 94245.8 | D6: =HLOOKUP(D$1,Sheet1!$B$1:$S$36,ROW()+4,FALSE) -> 83086 | E6: =HLOOKUP(E$1,Sheet1!$B$1:$S$36,ROW()+4,FALSE) -> 113.4 | F6: =HLOOKUP(F$1,Sheet1!$B$1:$S$36,ROW()+4,FALSE) -> 543304 | G6: =HLOOKUP(G$1,Sheet1!$B$1:$S$36,ROW()+4,FALSE) -> 487628.9 | H6: =HLOOKUP(H$1,Sheet1!$B$1:$S$36,ROW()+4,FALSE) -> 111.4 | I6: =HLOOKUP(I$1,Sheet1!$B$1:$S$36,ROW()+4,FALSE) -> 274573.3 | ... P6: =HLOOKUP(P$1,Sheet1!$B$1:$S$36,ROW()+4,FALSE) -> 108.8933
A7: 1999 | B7: =HLOOKUP(B$1,Sheet1!$B$1:$S$36,ROW()+4,FALSE) -> 690962.4 | C7: =HLOOKUP(C$1,Sheet1!$B$1:$S$36,ROW()+4,FALSE) -> 87750.6 | D7: =HLOOKUP(D$1,Sheet1!$B$1:$S$36,ROW()+4,FALSE) -> 78994.3 | E7: =HLOOKUP(E$1,Sheet1!$B$1:$S$36,ROW()+4,FALSE) -> 111.1 | F7: =HLOOKUP(F$1,Sheet1!$B$1:$S$36,ROW()+4,FALSE) -> 534107.1 | G7: =HLOOKUP(G$1,Sheet1!$B$1:$S$36,ROW()+4,FALSE) -> 485933.9 | H7: =HLOOKUP(H$1,Sheet1!$B$1:$S$36,ROW()+4,FALSE) -> 109.9 | I7: =HLOOKUP(I$1,Sheet1!$B$1:$S$36,ROW()+4,FALSE) -> 269253.2 | ... P7: =HLOOKUP(P$1,Sheet1!$B$1:$S$36,ROW()+4,FALSE) -> 106.85169
A8: 2000 | B8: =HLOOKUP(B$1,Sheet1!$B$1:$S$36,ROW()+4,FALSE) -> 701749.3 | C8: =HLOOKUP(C$1,Sheet1!$B$1:$S$36,ROW()+4,FALSE) -> 93225.3 | D8: =HLOOKUP(D$1,Sheet1!$B$1:$S$36,ROW()+4,FALSE) -> 84580.9 | E8: =HLOOKUP(E$1,Sheet1!$B$1:$S$36,ROW()+4,FALSE) -> 110.2 | F8: =HLOOKUP(F$1,Sheet1!$B$1:$S$36,ROW()+4,FALSE) -> 543394.8 | G8: =HLOOKUP(G$1,Sheet1!$B$1:$S$36,ROW()+4,FALSE) -> 500406.6 | H8: =HLOOKUP(H$1,Sheet1!$B$1:$S$36,ROW()+4,FALSE) -> 108.6 | I8: =HLOOKUP(I$1,Sheet1!$B$1:$S$36,ROW()+4,FALSE) -> 269891.9 | ... P8: =HLOOKUP(P$1,Sheet1!$B$1:$S$36,ROW()+4,FALSE) -> 109.76497
A9: 2001 | B9: =HLOOKUP(B$1,Sheet1!$B$1:$S$36,ROW()+4,FALSE) -> 710804.9 | C9: =HLOOKUP(C$1,Sheet1!$B$1:$S$36,ROW()+4,FALSE) -> 91053.1 | D9: =HLOOKUP(D$1,Sheet1!$B$1:$S$36,ROW()+4,FALSE) -> 84581.6 | E9: =HLOOKUP(E$1,Sheet1!$B$1:$S$36,ROW()+4,FALSE) -> 107.7 | F9: =HLOOKUP(F$1,Sheet1!$B$1:$S$36,ROW()+4,FALSE) -> 539441.6 | G9: =HLOOKUP(G$1,Sheet1!$B$1:$S$36,ROW()+4,FALSE) -> 501830.8 | H9: =HLOOKUP(H$1,Sheet1!$B$1:$S$36,ROW()+4,FALSE) -> 107.5 | I9: =HLOOKUP(I$1,Sheet1!$B$1:$S$36,ROW()+4,FALSE) -> 266607.5 | ... P9: =HLOOKUP(P$1,Sheet1!$B$1:$S$36,ROW()+4,FALSE) -> 106.52619
A10: 2002 | B10: =HLOOKUP(B$1,Sheet1!$B$1:$S$36,ROW()+4,FALSE) -> 713480.3 | C10: =HLOOKUP(C$1,Sheet1!$B$1:$S$36,ROW()+4,FALSE) -> 84640.2 | D10: =HLOOKUP(D$1,Sheet1!$B$1:$S$36,ROW()+4,FALSE) -> 80298.3 | E10: =HLOOKUP(E$1,Sheet1!$B$1:$S$36,ROW()+4,FALSE) -> 105.4 | F10: =HLOOKUP(F$1,Sheet1!$B$1:$S$36,ROW()+4,FALSE) -> 532390.8 | G10: =HLOOKUP(G$1,Sheet1!$B$1:$S$36,ROW()+4,FALSE) -> 502257.3 | H10: =HLOOKUP(H$1,Sheet1!$B$1:$S$36,ROW()+4,FALSE) -> 106 | I10: =HLOOKUP(I$1,Sheet1!$B$1:$S$36,ROW()+4,FALSE) -> 257436.8 | ... P10: =HLOOKUP(P$1,Sheet1!$B$1:$S$36,ROW()+4,FALSE) -> 109.04435
A11: 2003 | B11: =HLOOKUP(B$1,Sheet1!$B$1:$S$36,ROW()+4,FALSE) -> 716599 | C11: =HLOOKUP(C$1,Sheet1!$B$1:$S$36,ROW()+4,FALSE) -> 83039.7 | D11: =HLOOKUP(D$1,Sheet1!$B$1:$S$36,ROW()+4,FALSE) -> 80787.3 | E11: =HLOOKUP(E$1,Sheet1!$B$1:$S$36,ROW()+4,FALSE) -> 102.8 | F11: =HLOOKUP(F$1,Sheet1!$B$1:$S$36,ROW()+4,FALSE) -> 530211.8 | G11: =HLOOKUP(G$1,Sheet1!$B$1:$S$36,ROW()+4,FALSE) -> 509189 | H11: =HLOOKUP(H$1,Sheet1!$B$1:$S$36,ROW()+4,FALSE) -> 104.1 | I11: =HLOOKUP(I$1,Sheet1!$B$1:$S$36,ROW()+4,FALSE) -> 255183.6 | ... P11: =HLOOKUP(P$1,Sheet1!$B$1:$S$36,ROW()+4,FALSE) -> 110.48406
A12: 2004 | B12: =HLOOKUP(B$1,Sheet1!$B$1:$S$36,ROW()+4,FALSE) -> 722919.2 | C12: =HLOOKUP(C$1,Sheet1!$B$1:$S$36,ROW()+4,FALSE) -> 83687.1 | D12: =HLOOKUP(D$1,Sheet1!$B$1:$S$36,ROW()+4,FALSE) -> 82738.3 | E12: =HLOOKUP(E$1,Sheet1!$B$1:$S$36,ROW()+4,FALSE) -> 101.1 | F12: =HLOOKUP(F$1,Sheet1!$B$1:$S$36,ROW()+4,FALSE) -> 534634.1 | G12: =HLOOKUP(G$1,Sheet1!$B$1:$S$36,ROW()+4,FALSE) -> 519947.9 | H12: =HLOOKUP(H$1,Sheet1!$B$1:$S$36,ROW()+4,FALSE) -> 102.8 | I12: =HLOOKUP(I$1,Sheet1!$B$1:$S$36,ROW()+4,FALSE) -> 256593.3 | ... P12: =HLOOKUP(P$1,Sheet1!$B$1:$S$36,ROW()+4,FALSE) -> 111.52845
A13: 2005 | B13: =HLOOKUP(B$1,Sheet1!$B$1:$S$36,ROW()+4,FALSE) -> 733117.8 | C13: =HLOOKUP(C$1,Sheet1!$B$1:$S$36,ROW()+4,FALSE) -> 89354 | D13: =HLOOKUP(D$1,Sheet1!$B$1:$S$36,ROW()+4,FALSE) -> 88812.1 | E13: =HLOOKUP(E$1,Sheet1!$B$1:$S$36,ROW()+4,FALSE) -> 100.6 | F13: =HLOOKUP(F$1,Sheet1!$B$1:$S$36,ROW()+4,FALSE) -> 537385.2 | G13: =HLOOKUP(G$1,Sheet1!$B$1:$S$36,ROW()+4,FALSE) -> 529558 | H13: =HLOOKUP(H$1,Sheet1!$B$1:$S$36,ROW()+4,FALSE) -> 101.5 | I13: =HLOOKUP(I$1,Sheet1!$B$1:$S$36,ROW()+4,FALSE) -> 261326.4 | ... P13: =HLOOKUP(P$1,Sheet1!$B$1:$S$36,ROW()+4,FALSE) -> 109.66542
... A32: 2024 | B32: =HLOOKUP(B$1,Sheet1!$B$1:$S$36,ROW()+4,FALSE) -> 820134.4 | C32: =HLOOKUP(C$1,Sheet1!$B$1:$S$36,ROW()+4,FALSE) -> 117611.9 | D32: =HLOOKUP(D$1,Sheet1!$B$1:$S$36,ROW()+4,FALSE) -> 104104.9 | E32: =HLOOKUP(E$1,Sheet1!$B$1:$S$36,ROW()+4,FALSE) -> 113 | F32: =HLOOKUP(F$1,Sheet1!$B$1:$S$36,ROW()+4,FALSE) -> 634226 | G32: =HLOOKUP(G$1,Sheet1!$B$1:$S$36,ROW()+4,FALSE) -> 584471.1 | H32: =HLOOKUP(H$1,Sheet1!$B$1:$S$36,ROW()+4,FALSE) -> 108.5 | I32: =HLOOKUP(I$1,Sheet1!$B$1:$S$36,ROW()+4,FALSE) -> 311663 | ... P32: =HLOOKUP(P$1,Sheet1!$B$1:$S$36,ROW()+4,FALSE) -> NA

Sheet Sheet1
B1: RK | C1: I | D1: RI | E1: I_DEF | F1: Y | G1: RY | H1: Y_DEF | I1: EC | J1: E | K1: H | L1: r | M1: Tau | N1: Tau_org | O1: 法人税、住民税及び事業税(当期末)【百万円】 | P1: 税引前当期純利益(当期末)【百万円】 | Q1: Delta | R1: JIP_UC | S1: SNA_UC
N2: =O2/P2*100 -> 53.865135 | O2: 20514474 | P2: 38084884
N3: =O3/P3*100 -> 57.01025 | O3: 18678686 | P3: 32763733
N4: =O4/P4*100 -> 67.616829 | O4: 16286959 | P4: 24087138
N5: =O5/P5*100 -> 79.482062 | O5: 14506326 | P5: 18251069
A6: 1994 | B6: 623503.9 | C6: 89003.3 | D6: 74650.9 | E6: 119.2 | F6: 521675.1 | G6: 464267.4 | H6: 112.4 | I6: 261625.6 | J6: 5356.5 | K6: 1909.1 | L6: 4.3633333 | M6: =AVERAGE(N2:N6) -> 66.80158 | N6: =O6/P6*100 -> 76.033626 | O6: 14321392 | P6: 18835603 | Q6: NA | R6: 139.42877 | S6: 115.91812 | U6: RK, I, RI, I_DEF: 民間
A7: 1995 | B7: 633070.2 | C7: 91924.2 | D7: 78359.3 | E7: 117.3 | F7: 530463.2 | G7: 475140.8 | H7: 111.6 | I7: 266004.1 | J7: 5379.5 | K7: 1911.6 | L7: 3.4435 | M7: =AVERAGE(N3:N7) -> 69.369324 | N7: =O7/P7*100 -> 66.703851 | O7: 15389577 | P7: 23071497 | Q7: =(B6+C7-B7)/B6*100 -> 13.208883 | R7: 139.50705 | S7: 116.59329 | U7: r: FRED月次の平均
A8: 1996 | B8: 652745.4 | C8: 96951.9 | D8: 83554.8 | E8: 116 | F8: 546227.9 | G8: 489753.6 | H8: 111.5 | I8: 270691.5 | J8: 5419 | K8: 1914.8 | L8: 3.1015 | M8: =AVERAGE(N4:N8) -> 70.614735 | N8: =O8/P8*100 -> 63.237305 | O8: 15238896 | P8: 24097953 | Q8: =(B7+C8-B8)/B7*100 -> 12.206656 | R8: 142.60048 | S8: 118.77844 | U8: 実効税率は法人企業統計データより
A9: 1997 | B9: 672576.7 | C9: 99717.6 | D9: 86803 | E9: 114.9 | F9: 554111.8 | G9: 496428.8 | H9: 111.6 | I9: 278752.5 | J9: 5469.7 | K9: 1887.1 | L9: 2.3736667 | M9: =AVERAGE(N5:N9) -> 69.792998 | N9: =O9/P9*100 -> 63.508147 | O9: 14402739 | P9: 22678569 | Q9: =(B8+C9-B9)/B8*100 -> 12.238508 | R9: 137.15188 | S9: 114.73487
A10: 1998 | B10: 683061 | C10: 94245.8 | D10: 83086 | E10: 113.4 | F10: 543304 | G10: 487628.9 | H10: 111.4 | I10: 274573.3 | J10: 5425.5 | K10: 1866.5 | L10: 1.5414167 | M10: =AVERAGE(N6:N10) -> 74.795047 | N10: =O10/P10*100 -> 104.49231 | O10: 12404522 | P10: 11871230 | Q10: =(B9+C10-B10)/B9*100 -> 12.453821 | R10: 132.52291 | S10: 108.8933
A11: 1999 | B11: 690962.4 | C11: 87750.6 | D11: 78994.3 | E11: 111.1 | F11: 534107.1 | G11: 485933.9 | H11: 109.9 | I11: 269253.2 | J11: 5368.7 | K11: 1850.9 | L11: 1.749 | M11: =AVERAGE(N7:N11) -> 76.159038 | N11: =O11/P11*100 -> 82.853579 | O11: 10474878 | P11: 12642638 | Q11: =(B10+C11-B11)/B10*100 -> 11.689908 | R11: 138.05374 | S11: 106.85169
A12: 2000 | B12: 701749.3 | C12: 93225.3 | D12: 84580.9 | E12: 110.2 | F12: 543394.8 | G12: 500406.6 | H12: 108.6 | I12: 269891.9 | J12: 5374.6 | K12: 1858.5 | L12: 1.7444167 | M12: =AVERAGE(N8:N12) -> 74.679103 | N12: =O12/P12*100 -> 59.304178 | O12: 12266214 | P12: 20683558 | Q12: =(B11+C12-B12)/B11*100 -> 11.930953 | R12: 136.4526 | S12: 109.76497
A13: 2001 | B13: 710804.9 | C13: 91053.1 | D13: 84581.6 | E13: 107.7 | F13: 539441.6 | G13: 501830.8 | H13: 107.5 | I13: 266607.5 | J13: 5391.9 | K13: 1843.1 | L13: 1.319 | M13: =AVERAGE(N9:N13) -> 83.347313 | N13: =O13/P13*100 -> 106.57835 | O13: 7543909 | P13: 7078275 | Q13: =(B12+C13-B13)/B12*100 -> 11.684728 | R13: 130.96655 | S13: 106.52619
A14: 2002 | B14: 713480.3 | C14: 84640.2 | D14: 80298.3 | E14: 105.4 | F14: 532390.8 | G14: 502257.3 | H14: 106 | I14: 257436.8 | J14: 5352.4 | K14: 1830.6 | L14: 1.2631667 | M14: =AVERAGE(N10:N14) -> 84.175728 | N14: =O14/P14*100 -> 67.650223 | O14: 13013646 | P14: 19236664 | Q14: =(B13+C14-B14)/B13*100 -> 11.531265 | R14: 128.67926 | S14: 109.04435
A15: 2003 | B15: 716599 | C15: 83039.7 | D15: 80787.3 | E15: 102.8 | F15: 530211.8 | G15: 509189 | H15: 104.1 | I15: 255183.6 | J15: 5369.6 | K15: 1834.2 | L15: 1.00325 | M15: =AVERAGE(N11:N15) -> 73.720976 | N15: =O15/P15*100 -> 52.218547 | O15: 14382227 | P15: 27542373 | Q15: =(B14+C15-B15)/B14*100 -> 11.201571 | R15: 122.02201 | S15: 110.48406
A16: 2004 | B16: 722919.2 | C16: 83687.1 | D16: 82738.3 | E16: 101.1 | F16: 534634.1 | G16: 519947.9 | H16: 102.8 | I16: 256593.3 | J16: 5404.3 | K16: 1842.7 | L16: 1.4926667 | M16: =AVERAGE(N12:N16) -> 66.741304 | N16: =O16/P16*100 -> 47.955218 | O16: 15840241 | P16: 33031319 | Q16: =(B15+C16-B16)/B15*100 -> 10.796401 | R16: 122.84082 | S16: 111.52845
A17: 2005 | B17: 733117.8 | C17: 89354 | D17: 88812.1 | E17: 100.6 | F17: 537385.2 | G17: 529558 | H17: 101.5 | I17: 261326.4 | J17: 5466.8 | K17: 1830.5 | L17: 1.35475 | M17: =AVERAGE(N13:N17) -> 64.058619 | N17: =O17/P17*100 -> 45.890752 | O17: 19919114 | P17: 43405508 | Q17: =(B16+C17-B17)/B16*100 -> 10.949412 | R17: 119.48426 | S17: 109.66542
A18: 2006 | B18: 744573.5 | C18: 91710.1 | D18: 90929.3 | E18: 100.9 | F18: 540566 | G18: 537746.6 | H18: 100.5 | I18: 266138.1 | J18: 5570.5 | K18: 1837.3 | L18: 1.7405 | M18: =AVERAGE(N14:N18) -> 50.535092 | N18: =O18/P18*100 -> 38.96072 | O18: 19077893 | P18: 48966993 | Q18: =(B17+C18-B18)/B17*100 -> 10.946999 | R18: 127.96441 | S18: 105.25224
A19: 2007 | B19: 755589.5 | C19: 92758.7 | D19: 92376.5 | E19: 100.4 | F19: 544571.1 | G19: 547040.9 | H19: 99.5 | I19: 267694.3 | J19: 5643.5 | K19: 1826.7 | L19: 1.6655 | M19: =AVERAGE(N15:N19) -> 45.586589 | N19: =O19/P19*100 -> 42.907706 | O19: 20108819 | P19: 46865286 | Q19: =(B18+C19-B19)/B18*100 -> 10.978459 | R19: 130.01431 | S19: 104.82424
A20: 2008 | B20: 761944.2 | C20: 90952.9 | D20: 89951.7 | E20: 101.1 | F20: 533355.4 | G20: 540659 | H20: 98.6 | I20: 267968.9 | J20: 5665.1 | K20: 1805.3 | L20: 1.4673333 | M20: =AVERAGE(N16:N20) -> 48.126497 | N20: =O20/P20*100 -> 64.91809 | O20: 14363898 | P20: 22126187 | Q20: =(B19+C20-B20)/B19*100 -> 11.196318 | R20: 130.87577 | S20: 96.279387
... A32: 2020 | B32: 785491.9 | C32: 97037.4 | D32: 97037.4 | E32: 100 | F32: 554074.4 | G32: 554285 | H32: 100 | I32: 281114.4 | J32: 6033.3 | K32: 1659.7 | L32: -0.0054166667 | M32: =AVERAGE(N28:N32) -> 27.403658 | N32: =O32/P32*100 -> 32.590667 | O32: 18150667 | P32: 55692836 | Q32: =(B31+C32-B32)/B31*100 -> 12.115621 | R32: 91.346077 | S32: 80.967274
A33: 2021 | B33: 789000.5 | C33: 100800.9 | D33: 99381.3 | E33: 101.4 | F33: 573568.8 | G33: 574040.8 | H33: 99.9 | I33: 287685.3 | J33: 6051.2 | K33: 1678.4 | L33: 0.071666667 | M33: =AVERAGE(N29:N33) -> 27.177147 | N33: =O33/P33*100 -> 25.582128 | O33: 21601749 | P33: 84440782 | Q33: =(B32+C33-B33)/B32*100 -> 12.386162 | R33: NA | S33: 83.393679
A34: 2022 | B34: 794844.7 | C34: 107813.7 | D34: 102455.3 | E34: 105.2 | F34: 584900.6 | G34: 581685 | H34: 100.6 | I34: 295447.4 | J34: 6086.3 | K34: 1675.5 | L34: 0.23166667 | M34: =AVERAGE(N30:N34) -> 27.028656 | N34: =O34/P34*100 -> 23.939505 | O34: 23515247 | P34: 98227790 | Q34: =(B33+C34-B34)/B33*100 -> 12.923883 | R34: NA | S34: 83.722018
A35: 2023 | B35: 801669.7 | C35: 113786.1 | D35: 104246.7 | E35: 109.2 | F35: 616033 | G35: 585877.7 | H35: 105.1 | I35: 300547 | J35: 6129.3 | K35: 1677.9 | L35: 0.5625 | M35: =AVERAGE(N31:N35) -> 27.17255 | N35: =O35/P35*100 -> 24.774781 | O35: 26339300 | P35: 106314968 | Q35: =(B34+C35-B35)/B34*100 -> 13.456855 | R35: NA | S35: 97.891785
A36: 2024 | B36: 820134.4 | C36: 117611.9 | D36: 104104.9 | E36: 113 | F36: 634226 | G36: 584471.1 | H36: 108.5 | I36: 311663 | J36: 6184.2 | K36: 1661.5 | L36: 0.91833333 | M36: =AVERAGE(N32:N36) -> 25.957248 | N36: =O36/P36*100 -> 22.899159 | O36: 26366700 | P36: 115142657 | Q36: =(B35+C36-B36)/B35*100 -> 12.367587 | R36: NA | S36: NA
A37: 2025 | L37: 1.5533333
A38: 2026
A39: 2027
A40: 2028
A41: 2029
A42: 2030
A43: 2031
A44: 2032
A45: 2033
A46: 2034
A47: 2035
A48: 2036
A49: 2037
... A52: 2040
